<?xml version="1.0" encoding="UTF-8"?>
<questestinterop xmlns="http://www.imsglobal.org/xsd/ims_qtiasiv1p2" xmlns:xsi="http://www.w3.org/2001/XMLSchema-instance" xsi:schemaLocation="http://www.imsglobal.org/xsd/ims_qtiasiv1p2 http://www.imsglobal.org/xsd/ims_qtiasiv1p2p1.xsd">
  <assessment ident="text2qti_assessment_c7e485b1ec5ca5425f1456391cad15e355d54e9b4f1a60cd3b77341d31a2bcd6" title="Complete Question Type Examples">
    <qtimetadata>
      <qtimetadatafield>
        <fieldlabel>cc_maxattempts</fieldlabel>
        <fieldentry>1</fieldentry>
      </qtimetadatafield>
    </qtimetadata>
    <section ident="root_section">
      <item ident="text2qti_question_659528c8a1cc1f8e8c8103e0dcee5c9720fb5daf5d31e523be5382ea1afe1178" title="Multiple Choice Example">
        <itemmetadata>
          <qtimetadata>
            <qtimetadatafield>
              <fieldlabel>question_type</fieldlabel>
              <fieldentry>multiple_choice_question</fieldentry>
            </qtimetadatafield>
            <qtimetadatafield>
              <fieldlabel>points_possible</fieldlabel>
              <fieldentry>1</fieldentry>
            </qtimetadatafield>
            <qtimetadatafield>
              <fieldlabel>original_answer_ids</fieldlabel>
              <fieldentry>text2qti_choice_9306524516f6bdb83462063ecbecc273222235c0ea98e997fd3bb490c8ec161a,text2qti_choice_14ffa2b519d58ea57596d2aca74d458e29e28d9e3e2d599ab1d88754f3cbbeb6,text2qti_choice_86dc4cd247923e1ec2446abcf7b71973d0818c3287ee4ed47361ad8804628595</fieldentry>
            </qtimetadatafield>
            <qtimetadatafield>
              <fieldlabel>assessment_question_identifierref</fieldlabel>
              <fieldentry>text2qti_question_ref_659528c8a1cc1f8e8c8103e0dcee5c9720fb5daf5d31e523be5382ea1afe1178</fieldentry>
            </qtimetadatafield>
          </qtimetadata>
        </itemmetadata>
        <presentation>
          <material>
            <mattext texttype="text/html">&lt;p&gt;What is 2+3?&lt;/p&gt;</mattext>
          </material>
          <response_lid ident="response1" rcardinality="Single">
            <render_choice>
              <response_label ident="text2qti_choice_9306524516f6bdb83462063ecbecc273222235c0ea98e997fd3bb490c8ec161a">
                <material>
                  <mattext texttype="text/html">&lt;p&gt;6&lt;/p&gt;</mattext>
                </material>
              </response_label>
              <response_label ident="text2qti_choice_14ffa2b519d58ea57596d2aca74d458e29e28d9e3e2d599ab1d88754f3cbbeb6">
                <material>
                  <mattext texttype="text/html">&lt;p&gt;1&lt;/p&gt;</mattext>
                </material>
              </response_label>
              <response_label ident="text2qti_choice_86dc4cd247923e1ec2446abcf7b71973d0818c3287ee4ed47361ad8804628595">
                <material>
                  <mattext texttype="text/html">&lt;p&gt;5&lt;/p&gt;</mattext>
                </material>
              </response_label>
            </render_choice>
          </response_lid>
        </presentation>
        <resprocessing>
          <outcomes>
            <decvar maxvalue="100" minvalue="0" varname="SCORE" vartype="Decimal"/>
          </outcomes>
          <respcondition continue="Yes">
            <conditionvar>
              <other/>
            </conditionvar>
            <displayfeedback feedbacktype="Response" linkrefid="general_fb"/>
          </respcondition>
          <respcondition continue="Yes">
            <conditionvar>
              <varequal respident="response1">text2qti_choice_9306524516f6bdb83462063ecbecc273222235c0ea98e997fd3bb490c8ec161a</varequal>
            </conditionvar>
            <displayfeedback feedbacktype="Response" linkrefid="text2qti_choice_9306524516f6bdb83462063ecbecc273222235c0ea98e997fd3bb490c8ec161a_fb"/>
          </respcondition>
          <respcondition continue="No">
            <conditionvar>
              <varequal respident="response1">text2qti_choice_86dc4cd247923e1ec2446abcf7b71973d0818c3287ee4ed47361ad8804628595</varequal>
            </conditionvar>
            <setvar action="Set" varname="SCORE">100</setvar>
            <displayfeedback feedbacktype="Response" linkrefid="correct_fb"/>
          </respcondition>
          <respcondition continue="Yes">
            <conditionvar>
              <other/>
            </conditionvar>
            <displayfeedback feedbacktype="Response" linkrefid="general_incorrect_fb"/>
          </respcondition>
        </resprocessing>
        <itemfeedback ident="general_fb">
          <flow_mat>
            <material>
              <mattext texttype="text/html">&lt;p&gt;General question feedback.&lt;/p&gt;</mattext>
            </material>
          </flow_mat>
        </itemfeedback>
        <itemfeedback ident="correct_fb">
          <flow_mat>
            <material>
              <mattext texttype="text/html">&lt;p&gt;Feedback for correct answer.&lt;/p&gt;</mattext>
            </material>
          </flow_mat>
        </itemfeedback>
        <itemfeedback ident="general_incorrect_fb">
          <flow_mat>
            <material>
              <mattext texttype="text/html">&lt;p&gt;Feedback for incorrect answer.&lt;/p&gt;</mattext>
            </material>
          </flow_mat>
        </itemfeedback>
        <itemfeedback ident="text2qti_choice_9306524516f6bdb83462063ecbecc273222235c0ea98e997fd3bb490c8ec161a_fb">
          <flow_mat>
            <material>
              <mattext texttype="text/html">&lt;p&gt;Feedback for this particular answer.&lt;/p&gt;</mattext>
            </material>
          </flow_mat>
        </itemfeedback>
      </item>
      <item ident="text2qti_question_b75a7d59d819d9d85f924305b60a2e3a3074e1aaed191f57ecdfe296f1013349" title="True/False Example">
        <itemmetadata>
          <qtimetadata>
            <qtimetadatafield>
              <fieldlabel>question_type</fieldlabel>
              <fieldentry>true_false_question</fieldentry>
            </qtimetadatafield>
            <qtimetadatafield>
              <fieldlabel>points_possible</fieldlabel>
              <fieldentry>1</fieldentry>
            </qtimetadatafield>
            <qtimetadatafield>
              <fieldlabel>original_answer_ids</fieldlabel>
              <fieldentry>text2qti_choice_8ca3df2f97d1034d41d6211940e9f40efb222017b4ae1a585ebe805ac07deda6,text2qti_choice_ac7cc83dbb5883797361d26d4759c2e174d7eea86f4d1355a8fa74ae0cddd6ab</fieldentry>
            </qtimetadatafield>
            <qtimetadatafield>
              <fieldlabel>assessment_question_identifierref</fieldlabel>
              <fieldentry>text2qti_question_ref_b75a7d59d819d9d85f924305b60a2e3a3074e1aaed191f57ecdfe296f1013349</fieldentry>
            </qtimetadatafield>
          </qtimetadata>
        </itemmetadata>
        <presentation>
          <material>
            <mattext texttype="text/html">&lt;p&gt;The Earth is round.&lt;/p&gt;</mattext>
          </material>
          <response_lid ident="response1" rcardinality="Single">
            <render_choice>
              <response_label ident="text2qti_choice_8ca3df2f97d1034d41d6211940e9f40efb222017b4ae1a585ebe805ac07deda6">
                <material>
                  <mattext texttype="text/html">&lt;p&gt;True&lt;/p&gt;</mattext>
                </material>
              </response_label>
              <response_label ident="text2qti_choice_ac7cc83dbb5883797361d26d4759c2e174d7eea86f4d1355a8fa74ae0cddd6ab">
                <material>
                  <mattext texttype="text/html">&lt;p&gt;False&lt;/p&gt;</mattext>
                </material>
              </response_label>
            </render_choice>
          </response_lid>
        </presentation>
        <resprocessing>
          <outcomes>
            <decvar maxvalue="100" minvalue="0" varname="SCORE" vartype="Decimal"/>
          </outcomes>
          <respcondition continue="No">
            <conditionvar>
              <varequal respident="response1">text2qti_choice_8ca3df2f97d1034d41d6211940e9f40efb222017b4ae1a585ebe805ac07deda6</varequal>
            </conditionvar>
            <setvar action="Set" varname="SCORE">100</setvar>
          </respcondition>
        </resprocessing>
      </item>
      <item ident="text2qti_question_37d781b8b8253747468d97035c4d855ca928eb6fb0477719a0b0a15b57bce477" title="Multiple Answers Example">
        <itemmetadata>
          <qtimetadata>
            <qtimetadatafield>
              <fieldlabel>question_type</fieldlabel>
              <fieldentry>multiple_answers_question</fieldentry>
            </qtimetadatafield>
            <qtimetadatafield>
              <fieldlabel>points_possible</fieldlabel>
              <fieldentry>2</fieldentry>
            </qtimetadatafield>
            <qtimetadatafield>
              <fieldlabel>original_answer_ids</fieldlabel>
              <fieldentry>text2qti_choice_fbd9a5e91112d1cfd959f0d633d8ae6402a0c04466ef7682cb815dbacd0a3bba,text2qti_choice_b8b743225552f653e13268db64a1fe4e632fe55c2a7ccf4510a8f0938b1cdea0,text2qti_choice_c53420e3e857154a86a62d33163ab3bfdcadc83681aa82a5f50fb6ab1c95a3e9,text2qti_choice_88a34b2740ca78ec28b7b5ed290652467dbbcdd67247ab83e5755a6e52f651dc</fieldentry>
            </qtimetadatafield>
            <qtimetadatafield>
              <fieldlabel>assessment_question_identifierref</fieldlabel>
              <fieldentry>text2qti_question_ref_37d781b8b8253747468d97035c4d855ca928eb6fb0477719a0b0a15b57bce477</fieldentry>
            </qtimetadatafield>
          </qtimetadata>
        </itemmetadata>
        <presentation>
          <material>
            <mattext texttype="text/html">&lt;p&gt;Which of the following are dinosaurs?&lt;/p&gt;</mattext>
          </material>
          <response_lid ident="response1" rcardinality="Multiple">
            <render_choice>
              <response_label ident="text2qti_choice_fbd9a5e91112d1cfd959f0d633d8ae6402a0c04466ef7682cb815dbacd0a3bba">
                <material>
                  <mattext texttype="text/html">&lt;p&gt;Woolly mammoth&lt;/p&gt;</mattext>
                </material>
              </response_label>
              <response_label ident="text2qti_choice_b8b743225552f653e13268db64a1fe4e632fe55c2a7ccf4510a8f0938b1cdea0">
                <material>
                  <mattext texttype="text/html">&lt;p&gt;Tyrannosaurus rex&lt;/p&gt;</mattext>
                </material>
              </response_label>
              <response_label ident="text2qti_choice_c53420e3e857154a86a62d33163ab3bfdcadc83681aa82a5f50fb6ab1c95a3e9">
                <material>
                  <mattext texttype="text/html">&lt;p&gt;Triceratops&lt;/p&gt;</mattext>
                </material>
              </response_label>
              <response_label ident="text2qti_choice_88a34b2740ca78ec28b7b5ed290652467dbbcdd67247ab83e5755a6e52f651dc">
                <material>
                  <mattext texttype="text/html">&lt;p&gt;Smilodon fatalis&lt;/p&gt;</mattext>
                </material>
              </response_label>
            </render_choice>
          </response_lid>
        </presentation>
        <resprocessing>
          <outcomes>
            <decvar maxvalue="100" minvalue="0" varname="SCORE" vartype="Decimal"/>
          </outcomes>
          <respcondition continue="No">
            <conditionvar>
              <and>
                <not>
                  <varequal respident="response1">text2qti_choice_fbd9a5e91112d1cfd959f0d633d8ae6402a0c04466ef7682cb815dbacd0a3bba</varequal>
                </not>
                <varequal respident="response1">text2qti_choice_b8b743225552f653e13268db64a1fe4e632fe55c2a7ccf4510a8f0938b1cdea0</varequal>
                <varequal respident="response1">text2qti_choice_c53420e3e857154a86a62d33163ab3bfdcadc83681aa82a5f50fb6ab1c95a3e9</varequal>
                <not>
                  <varequal respident="response1">text2qti_choice_88a34b2740ca78ec28b7b5ed290652467dbbcdd67247ab83e5755a6e52f651dc</varequal>
                </not>
              </and>
            </conditionvar>
            <setvar action="Set" varname="SCORE">100</setvar>
          </respcondition>
        </resprocessing>
      </item>
      <item ident="text2qti_question_08a4f3e6d265560120b45eb8cc96284b6d34caabd493622bd3d0fe1b9f00f6fc" title="Numerical Example (Range)">
        <itemmetadata>
          <qtimetadata>
            <qtimetadatafield>
              <fieldlabel>question_type</fieldlabel>
              <fieldentry>numerical_question</fieldentry>
            </qtimetadatafield>
            <qtimetadatafield>
              <fieldlabel>points_possible</fieldlabel>
              <fieldentry>1</fieldentry>
            </qtimetadatafield>
            <qtimetadatafield>
              <fieldlabel>original_answer_ids</fieldlabel>
              <fieldentry>text2qti_numerical_08a4f3e6d265560120b45eb8cc96284b6d34caabd493622bd3d0fe1b9f00f6fc</fieldentry>
            </qtimetadatafield>
            <qtimetadatafield>
              <fieldlabel>assessment_question_identifierref</fieldlabel>
              <fieldentry>text2qti_question_ref_08a4f3e6d265560120b45eb8cc96284b6d34caabd493622bd3d0fe1b9f00f6fc</fieldentry>
            </qtimetadatafield>
          </qtimetadata>
        </itemmetadata>
        <presentation>
          <material>
            <mattext texttype="text/html">&lt;p&gt;What is the square root of 2?&lt;/p&gt;</mattext>
          </material>
          <response_str ident="response1" rcardinality="Single">
            <render_fib fibtype="Decimal">
              <response_label ident="answer1"/>
            </render_fib>
          </response_str>
        </presentation>
        <resprocessing>
          <outcomes>
            <decvar maxvalue="100" minvalue="0" varname="SCORE" vartype="Decimal"/>
          </outcomes>
          <respcondition continue="No">
            <conditionvar>
              <or>
                <varequal respident="response1">1.4142</varequal>
                <and>
                  <vargte respident="response1">1.4141</vargte>
                  <varlte respident="response1">1.4143</varlte>
                </and>
              </or>
            </conditionvar>
            <setvar action="Set" varname="SCORE">100</setvar>
          </respcondition>
        </resprocessing>
      </item>
      <item ident="text2qti_question_aa712232c7f4b0c37dbbcce3726305c5e79dd8e2b44f438001ecfc7343b62383" title="Numerical Example (Exact)">
        <itemmetadata>
          <qtimetadata>
            <qtimetadatafield>
              <fieldlabel>question_type</fieldlabel>
              <fieldentry>numerical_question</fieldentry>
            </qtimetadatafield>
            <qtimetadatafield>
              <fieldlabel>points_possible</fieldlabel>
              <fieldentry>1</fieldentry>
            </qtimetadatafield>
            <qtimetadatafield>
              <fieldlabel>original_answer_ids</fieldlabel>
              <fieldentry>text2qti_numerical_aa712232c7f4b0c37dbbcce3726305c5e79dd8e2b44f438001ecfc7343b62383</fieldentry>
            </qtimetadatafield>
            <qtimetadatafield>
              <fieldlabel>assessment_question_identifierref</fieldlabel>
              <fieldentry>text2qti_question_ref_aa712232c7f4b0c37dbbcce3726305c5e79dd8e2b44f438001ecfc7343b62383</fieldentry>
            </qtimetadatafield>
          </qtimetadata>
        </itemmetadata>
        <presentation>
          <material>
            <mattext texttype="text/html">&lt;p&gt;What is 10 divided by 2?&lt;/p&gt;</mattext>
          </material>
          <response_str ident="response1" rcardinality="Single">
            <render_fib fibtype="Decimal">
              <response_label ident="answer1"/>
            </render_fib>
          </response_str>
        </presentation>
        <resprocessing>
          <outcomes>
            <decvar maxvalue="100" minvalue="0" varname="SCORE" vartype="Decimal"/>
          </outcomes>
          <respcondition continue="No">
            <conditionvar>
              <or>
                <varequal respident="response1">5</varequal>
                <and>
                  <vargte respident="response1">5</vargte>
                  <varlte respident="response1">5</varlte>
                </and>
              </or>
            </conditionvar>
            <setvar action="Set" varname="SCORE">100</setvar>
          </respcondition>
        </resprocessing>
      </item>
      <item ident="text2qti_question_51480d89953442ddca8ac994b2fb82b1ffd77000ab09b43cfac40f8417c561a4" title="Short Answer Example">
        <itemmetadata>
          <qtimetadata>
            <qtimetadatafield>
              <fieldlabel>question_type</fieldlabel>
              <fieldentry>short_answer_question</fieldentry>
            </qtimetadatafield>
            <qtimetadatafield>
              <fieldlabel>points_possible</fieldlabel>
              <fieldentry>1</fieldentry>
            </qtimetadatafield>
            <qtimetadatafield>
              <fieldlabel>original_answer_ids</fieldlabel>
              <fieldentry>text2qti_choice_ab4fa5bb5d6a389e9d89d26da1c1610908ec551ddd94972f4c93cf8a487d59cc,text2qti_choice_2c6ecd45950aa8ca34bf02068172bc31801ad02886bb872fa81f8155c5092136,text2qti_choice_95d2a24479baba7223b13ce467fc376c5629a9dd65503c0b39da79d6bca53b0a,text2qti_choice_c0f429dda034cae999e56307ba35f03f9dac665549e8aaa13dd8e3c9c1e40403,text2qti_choice_0c3ac75793640a334084db1c03a79f134b9b4e53b0e80c91d7062afbc581582d</fieldentry>
            </qtimetadatafield>
            <qtimetadatafield>
              <fieldlabel>assessment_question_identifierref</fieldlabel>
              <fieldentry>text2qti_question_ref_51480d89953442ddca8ac994b2fb82b1ffd77000ab09b43cfac40f8417c561a4</fieldentry>
            </qtimetadatafield>
          </qtimetadata>
        </itemmetadata>
        <presentation>
          <material>
            <mattext texttype="text/html">&lt;p&gt;Who lives at the North Pole?&lt;/p&gt;</mattext>
          </material>
          <response_str ident="response1" rcardinality="Single">
            <render_fib>
              <response_label ident="answer1" rshuffle="No"/>
            </render_fib>
          </response_str>
        </presentation>
        <resprocessing>
          <outcomes>
            <decvar maxvalue="100" minvalue="0" varname="SCORE" vartype="Decimal"/>
          </outcomes>
          <respcondition continue="No">
            <conditionvar>
              <varequal respident="response1">Santa</varequal>
              <varequal respident="response1">Santa Claus</varequal>
              <varequal respident="response1">Father Christmas</varequal>
              <varequal respident="response1">Saint Nicholas</varequal>
              <varequal respident="response1">Saint Nick</varequal>
            </conditionvar>
            <setvar action="Set" varname="SCORE">100</setvar>
          </respcondition>
        </resprocessing>
      </item>
      <item ident="text2qti_question_bf48a91886c7a5385db4033d339e433cd9bdf86621d8fdf3331e5bd4d8943bdb" title="Essay Example">
        <itemmetadata>
          <qtimetadata>
            <qtimetadatafield>
              <fieldlabel>question_type</fieldlabel>
              <fieldentry>essay_question</fieldentry>
            </qtimetadatafield>
            <qtimetadatafield>
              <fieldlabel>points_possible</fieldlabel>
              <fieldentry>5</fieldentry>
            </qtimetadatafield>
            <qtimetadatafield>
              <fieldlabel>original_answer_ids</fieldlabel>
              <fieldentry></fieldentry>
            </qtimetadatafield>
            <qtimetadatafield>
              <fieldlabel>assessment_question_identifierref</fieldlabel>
              <fieldentry>text2qti_question_ref_bf48a91886c7a5385db4033d339e433cd9bdf86621d8fdf3331e5bd4d8943bdb</fieldentry>
            </qtimetadatafield>
          </qtimetadata>
        </itemmetadata>
        <presentation>
          <material>
            <mattext texttype="text/html">&lt;p&gt;Write an essay.&lt;/p&gt;</mattext>
          </material>
          <response_str ident="response1" rcardinality="Single">
            <render_fib>
              <response_label ident="answer1" rshuffle="No"/>
            </render_fib>
          </response_str>
        </presentation>
        <resprocessing>
          <outcomes>
            <decvar maxvalue="100" minvalue="0" varname="SCORE" vartype="Decimal"/>
          </outcomes>
          <respcondition continue="No">
            <conditionvar>
              <other/>
            </conditionvar>
          </respcondition>
          <respcondition continue="Yes">
            <conditionvar>
              <other/>
            </conditionvar>
            <displayfeedback feedbacktype="Response" linkrefid="general_fb"/>
          </respcondition>
        </resprocessing>
        <itemfeedback ident="general_fb">
          <flow_mat>
            <material>
              <mattext texttype="text/html">&lt;p&gt;General question feedback.&lt;/p&gt;</mattext>
            </material>
          </flow_mat>
        </itemfeedback>
      </item>
      <item ident="text2qti_question_7553f43ef68d8ac0c8938831468e10e1872106b4cc7365811cf8d7837976b8f5" title="File Upload Example">
        <itemmetadata>
          <qtimetadata>
            <qtimetadatafield>
              <fieldlabel>question_type</fieldlabel>
              <fieldentry>file_upload_question</fieldentry>
            </qtimetadatafield>
            <qtimetadatafield>
              <fieldlabel>points_possible</fieldlabel>
              <fieldentry>5</fieldentry>
            </qtimetadatafield>
            <qtimetadatafield>
              <fieldlabel>original_answer_ids</fieldlabel>
              <fieldentry></fieldentry>
            </qtimetadatafield>
            <qtimetadatafield>
              <fieldlabel>assessment_question_identifierref</fieldlabel>
              <fieldentry>text2qti_question_ref_7553f43ef68d8ac0c8938831468e10e1872106b4cc7365811cf8d7837976b8f5</fieldentry>
            </qtimetadatafield>
          </qtimetadata>
        </itemmetadata>
        <presentation>
          <material>
            <mattext texttype="text/html">&lt;p&gt;Upload a file.&lt;/p&gt;</mattext>
          </material>
        </presentation>
        <resprocessing>
          <outcomes>
            <decvar maxvalue="100" minvalue="0" varname="SCORE" vartype="Decimal"/>
          </outcomes>
          <respcondition continue="Yes">
            <conditionvar>
              <other/>
            </conditionvar>
            <displayfeedback feedbacktype="Response" linkrefid="general_fb"/>
          </respcondition>
        </resprocessing>
        <itemfeedback ident="general_fb">
          <flow_mat>
            <material>
              <mattext texttype="text/html">&lt;p&gt;General question feedback.&lt;/p&gt;</mattext>
            </material>
          </flow_mat>
        </itemfeedback>
      </item>
    </section>
  </assessment>
</questestinterop>
